"Country Name","Country Code","Indicator Name","Indicator Code","1960","1961","1962","1963","1964","1965","1966","1967","1968","1969","1970","1971","1972","1973","1974","1975","1976","1977","1978","1979","1980","1981","1982","1983","1984","1985","1986","1987","1988","1989","1990","1991","1992","1993","1994","1995","1996","1997","1998","1999","2000","2001","2002","2003","2004","2005","2006","2007","2008","2009","2010","2011","2012","2013","2014","2015","2016","2017","2018",
"Aruba","ABW","Prevalence of undernourishment (% of population)","SN.ITK.DEFC.ZS","","","","","","","","","","","","","","","","","","","","","","","","","","","","","","","","","","","","","","","","","","","","","","","","","","","","","","","","","","","",
"Afghanistan","AFG","Prevalence of undernourishment (% of population)","SN.ITK.DEFC.ZS","","","","","","","","","","","","","","","","","","","","","","","","","","","","","","","","","","","","","","","","","46.1","46.4","43.7","39.8","36.1","33.2","30.1","27","24.5","22.9","22.1","22.2","23.4","25.5","27.6","29.3","30.3","","",
"Angola","AGO","Prevalence of undernourishment (% of population)","SN.ITK.DEFC.ZS","","","","","","","","","","","","","","","","","","","","","","","","","","","","","","","","","","","","","","","","","71.5","68.9","65.3","61.3","57.8","54.8","51.8","48.6","45.4","42.5","40.4","38.2","35.1","30.8","27","24.8","23.9","","",
"Albania","ALB","Prevalence of undernourishment (% of population)","SN.ITK.DEFC.ZS","","","","","","","","","","","","","","","","","","","","","","","","","","","","","","","","","","","","","","","","","7.2","7.8","8.7","9.7","10.6","10.9","10.8","10.3","9.5","8.4","7.4","6.6","6","5.7","5.5","5.5","5.5","","",
"Andorra","AND","Prevalence of undernourishment (% of population)","SN.ITK.DEFC.ZS","","","","","","","","","","","","","","","","","","","","","","","","","","","","","","","","","","","","","","","","","","","","","","","","","","","","","","","","","","","",
"Arab World","ARB","Prevalence of undernourishment (% of population)","SN.ITK.DEFC.ZS","","","","","","","","","","","","","","","","","","","","","","","","","","","","","","","","","","","","","","","","","11.0693448094728","10.8372550197614","10.8196268171539","10.8819770071517","10.9310955801423","10.9040041471547","10.7470940883938","10.5497435312359","10.3514859521249","10.0166206728918","9.67618665022644","9.40356715910653","11.0831890988751","11.2246464781934","11.4596526799963","11.7826520707899","12.0519032420933","","",
"United Arab Emirates","ARE","Prevalence of undernourishment (% of population)","SN.ITK.DEFC.ZS","","","","","","","","","","","","","","","","","","","","","","","","","","","","","","","","","","","","","","","","","2.5","2.5","2.5","2.6","3.2","4.1","4.9","5.6","6","6","5.9","5.6","5.1","4.5","3.9","3.1","2.5","","",
"Argentina","ARG","Prevalence of undernourishment (% of population)","SN.ITK.DEFC.ZS","","","","","","","","","","","","","","","","","","","","","","","","","","","","","","","","","","","","","","","","","3.5","4.1","4.9","5.3","5.2","4.7","4.4","4.2","4.1","4.1","4","3.9","3.7","3.5","3.4","3.6","3.8","","",
"Armenia","ARM","Prevalence of undernourishment (% of population)","SN.ITK.DEFC.ZS","","","","","","","","","","","","","","","","","","","","","","","","","","","","","","","","","","","","","","","","","23.8","23.5","20.7","15.6","10.9","7.8","6.1","5.4","5","5.3","5.5","5.6","5.1","4.6","4.3","4.3","4.3","","",
"American Samoa","ASM","Prevalence of undernourishment (% of population)","SN.ITK.DEFC.ZS","","","","","","","","","","","","","","","","","","","","","","","","","","","","","","","","","","","","","","","","","","","","","","","","","","","","","","","","","","","",
"Antigua and Barbuda","ATG","Prevalence of undernourishment (% of population)","SN.ITK.DEFC.ZS","","","","","","","","","","","","","","","","","","","","","","","","","","","","","","","","","","","","","","","","","","","","","","","","","","","","","","","","","","","",
"Australia","AUS","Prevalence of undernourishment (% of population)","SN.ITK.DEFC.ZS","","","","","","","","","","","","","","","","","","","","","","","","","","","","","","","","","","","","","","","","","2.5","2.5","2.5","2.5","2.5","2.5","2.5","2.5","2.5","2.5","2.5","2.5","2.5","2.5","2.5","2.5","2.5","","",
"Austria","AUT","Prevalence of undernourishment (% of population)","SN.ITK.DEFC.ZS","","","","","","","","","","","","","","","","","","","","","","","","","","","","","","","","","","","","","","","","","2.5","2.5","2.5","2.5","2.5","2.5","2.5","2.5","2.5","2.5","2.5","2.5","2.5","2.5","2.5","2.5","2.5","","",
"Azerbaijan","AZE","Prevalence of undernourishment (% of population)","SN.ITK.DEFC.ZS","","","","","","","","","","","","","","","","","","","","","","","","","","","","","","","","","","","","","","","","","23","18.6","14.8","11.4","8.2","5.5","3.7","2.8","2.5","2.5","2.5","2.5","2.5","2.5","2.5","2.5","2.5","","",
"Burundi","BDI","Prevalence of undernourishment (% of population)","SN.ITK.DEFC.ZS","","","","","","","","","","","","","","","","","","","","","","","","","","","","","","","","","","","","","","","","","","","","","","","","","","","","","","","","","","","",
"Belgium","BEL","Prevalence of undernourishment (% of population)","SN.ITK.DEFC.ZS","","","","","","","","","","","","","","","","","","","","","","","","","","","","","","","","","","","","","","","","","2.5","2.5","2.5","2.5","2.5","2.5","2.5","2.5","2.5","2.5","2.5","2.5","2.5","2.5","2.5","2.5","2.5","","",
"Benin","BEN","Prevalence of undernourishment (% of population)","SN.ITK.DEFC.ZS","","","","","","","","","","","","","","","","","","","","","","","","","","","","","","","","","","","","","","","","","22.7","20.6","18.6","17.4","16.3","15.4","14.3","13.3","12.7","12.1","11.8","11.3","10.8","10.2","9.6","9.9","10.4","","",
"Burkina Faso","BFA","Prevalence of undernourishment (% of population)","SN.ITK.DEFC.ZS","","","","","","","","","","","","","","","","","","","","","","","","","","","","","","","","","","","","","","","","","25.4","25.6","25.8","25.6","25.3","24.9","24.2","23.6","22.7","21.9","21.2","20.7","20.3","20.2","20.3","20.8","21.3","","",
"Bangladesh","BGD","Prevalence of undernourishment (% of population)","SN.ITK.DEFC.ZS","","","","","","","","","","","","","","","","","","","","","","","","","","","","","","","","","","","","","","","","","20.8","18.7","18.2","17.5","17.1","16.6","16.3","16.3","16.4","16.6","16.9","17","17","16.8","16.5","15.8","15.2","","",
"Bulgaria","BGR","Prevalence of undernourishment (% of population)","SN.ITK.DEFC.ZS","","","","","","","","","","","","","","","","","","","","","","","","","","","","","","","","","","","","","","","","","4.8","5.2","5.6","6","6.3","6.5","6.3","6.1","5.8","5.7","5.6","5.4","5","4.4","3.8","3.3","3","","",
"Bahrain","BHR","Prevalence of undernourishment (% of population)","SN.ITK.DEFC.ZS","","","","","","","","","","","","","","","","","","","","","","","","","","","","","","","","","","","","","","","","","","","","","","","","","","","","","","","","","","","",
"Bahamas, The","BHS","Prevalence of undernourishment (% of population)","SN.ITK.DEFC.ZS","","","","","","","","","","","","","","","","","","","","","","","","","","","","","","","","","","","","","","","","","","","","","","","","","","","","","","","","","","","",
"Bosnia and Herzegovina","BIH","Prevalence of undernourishment (% of population)","SN.ITK.DEFC.ZS","","","","","","","","","","","","","","","","","","","","","","","","","","","","","","","","","","","","","","","","","4.4","4.7","4.5","4.1","3.5","3.2","2.9","2.8","2.6","2.5","2.5","2.5","2.5","2.5","2.5","2.5","2.5","","",
"Belarus","BLR","Prevalence of undernourishment (% of population)","SN.ITK.DEFC.ZS","","","","","","","","","","","","","","","","","","","","","","","","","","","","","","","","","","","","","","","","","2.5","2.6","3.2","3.7","3.6","3","2.5","2.5","2.5","2.5","2.5","2.5","2.5","2.5","2.5","2.5","2.5","","",
"Belize","BLZ","Prevalence of undernourishment (% of population)","SN.ITK.DEFC.ZS","","","","","","","","","","","","","","","","","","","","","","","","","","","","","","","","","","","","","","","","","5.8","5","4.7","4.5","4.6","4.6","4.9","5.3","5.5","5.6","5.6","5.8","6.3","6.6","6.7","6.6","6.5","","",
"Bermuda","BMU","Prevalence of undernourishment (% of population)","SN.ITK.DEFC.ZS","","","","","","","","","","","","","","","","","","","","","","","","","","","","","","","","","","","","","","","","","","","","","","","","","","","","","","","","","","","",
"Bolivia","BOL","Prevalence of undernourishment (% of population)","SN.ITK.DEFC.ZS","","","","","","","","","","","","","","","","","","","","","","","","","","","","","","","","","","","","","","","","","33.4","31.6","31.2","31.4","31.4","30.3","28.7","28","28.1","28","26.5","24.6","22.9","21.4","19.9","19.6","19.8","","",
"Brazil","BRA","Prevalence of undernourishment (% of population)","SN.ITK.DEFC.ZS","","","","","","","","","","","","","","","","","","","","","","","","","","","","","","","","","","","","","","","","","11.9","10.6","8.7","6.9","5.6","4.6","3.9","3.2","2.7","2.5","2.5","2.5","2.5","2.5","2.5","2.5","2.5","","",
"Barbados","BRB","Prevalence of undernourishment (% of population)","SN.ITK.DEFC.ZS","","","","","","","","","","","","","","","","","","","","","","","","","","","","","","","","","","","","","","","","","5.4","5.8","6.3","6.3","6.3","5.9","5.6","5.3","5.1","5","5","4.9","4.7","4.4","4","3.8","3.7","","",
"Brunei Darussalam","BRN","Prevalence of undernourishment (% of population)","SN.ITK.DEFC.ZS","","","","","","","","","","","","","","","","","","","","","","","","","","","","","","","","","","","","","","","","","3.1","2.8","2.5","2.5","2.5","2.5","2.5","2.7","3","3.1","3.1","2.9","2.8","2.7","2.7","2.6","2.6","","",
"Bhutan","BTN","Prevalence of undernourishment (% of population)","SN.ITK.DEFC.ZS","","","","","","","","","","","","","","","","","","","","","","","","","","","","","","","","","","","","","","","","","","","","","","","","","","","","","","","","","","","",
"Botswana","BWA","Prevalence of undernourishment (% of population)","SN.ITK.DEFC.ZS","","","","","","","","","","","","","","","","","","","","","","","","","","","","","","","","","","","","","","","","","35.7","35","34.7","33.5","32.4","31.9","32.2","32.4","31.8","30.5","28.5","26.5","25.2","24.9","25.5","26.8","28.5","","",
"Central African Republic","CAF","Prevalence of undernourishment (% of population)","SN.ITK.DEFC.ZS","","","","","","","","","","","","","","","","","","","","","","","","","","","","","","","","","","","","","","","","","42.5","42","41.5","41.4","40.8","39.5","37.6","35.6","33.7","32.4","32","33.6","38.6","46.9","55.2","60.3","61.8","","",
"Canada","CAN","Prevalence of undernourishment (% of population)","SN.ITK.DEFC.ZS","","","","","","","","","","","","","","","","","","","","","","","","","","","","","","","","","","","","","","","","","2.5","2.5","2.5","2.5","2.5","2.5","2.5","2.5","2.5","2.5","2.5","2.5","2.5","2.5","2.5","2.5","2.5","","",
"Central Europe and the Baltics","CEB","Prevalence of undernourishment (% of population)","SN.ITK.DEFC.ZS","","","","","","","","","","","","","","","","","","","","","","","","","","","","","","","","","","","","","","","","","3.26877912183835","3.1944725109291","3.13345925328491","3.07678973098097","3.03772476501743","3.01434804301103","2.97122890121108","2.9400831142917","2.88786308241729","2.84679616576165","2.81376767648125","2.79413389543372","2.75366169563266","2.70081227146347","2.63770418133021","2.58171857239075","2.54898140473599","","",
"Switzerland","CHE","Prevalence of undernourishment (% of population)","SN.ITK.DEFC.ZS","","","","","","","","","","","","","","","","","","","","","","","","","","","","","","","","","","","","","","","","","2.5","2.5","2.5","2.5","2.5","2.5","2.5","2.5","2.5","2.5","2.5","2.5","2.5","2.5","2.5","2.5","2.5","","",
"Channel Islands","CHI","Prevalence of undernourishment (% of population)","SN.ITK.DEFC.ZS","","","","","","","","","","","","","","","","","","","","","","","","","","","","","","","","","","","","","","","","","","","","","","","","","","","","","","","","","","","",
"Chile","CHL","Prevalence of undernourishment (% of population)","SN.ITK.DEFC.ZS","","","","","","","","","","","","","","","","","","","","","","","","","","","","","","","","","","","","","","","","","4.7","4.4","4.1","4.1","4","3.9","3.8","3.9","4.1","4.2","4.2","4","3.8","3.7","3.6","3.3","3.3","","",
"China","CHN","Prevalence of undernourishment (% of population)","SN.ITK.DEFC.ZS","","","","","","","","","","","","","","","","","","","","","","","","","","","","","","","","","","","","","","","","","15.9","15.8","15.7","15.7","15.5","15.2","14.8","14.1","13.4","12.6","11.8","11.1","10.4","9.7","9.1","8.8","8.7","","",
"Cote d'Ivoire","CIV","Prevalence of undernourishment (% of population)","SN.ITK.DEFC.ZS","","","","","","","","","","","","","","","","","","","","","","","","","","","","","","","","","","","","","","","","","20.4","21.5","21.7","21.3","20.5","20","20","20.5","21.3","21.8","21.9","21.6","21.5","21.4","21.3","21.1","20.7","","",
"Cameroon","CMR","Prevalence of undernourishment (% of population)","SN.ITK.DEFC.ZS","","","","","","","","","","","","","","","","","","","","","","","","","","","","","","","","","","","","","","","","","30.8","28.5","26.5","24.4","22.4","20.3","18.2","16.2","14.4","12.9","11.5","10.1","8.7","7.4","6.5","6.5","7.3","","",
"Congo, Dem. Rep.","COD","Prevalence of undernourishment (% of population)","SN.ITK.DEFC.ZS","","","","","","","","","","","","","","","","","","","","","","","","","","","","","","","","","","","","","","","","","","","","","","","","","","","","","","","","","","","",
"Congo, Rep.","COG","Prevalence of undernourishment (% of population)","SN.ITK.DEFC.ZS","","","","","","","","","","","","","","","","","","","","","","","","","","","","","","","","","","","","","","","","","36.8","34","32.8","34.2","36.7","40.2","41.6","42.2","41.8","41.3","40.5","39.5","39.2","38.7","38.2","37.7","37.5","","",
"Colombia","COL","Prevalence of undernourishment (% of population)","SN.ITK.DEFC.ZS","","","","","","","","","","","","","","","","","","","","","","","","","","","","","","","","","","","","","","","","","9.7","9.4","9.2","9.2","9.3","9.7","9.6","9.3","9.5","10.4","11.1","10.9","10","8.9","7.9","7.1","6.5","","",
"Comoros","COM","Prevalence of undernourishment (% of population)","SN.ITK.DEFC.ZS","","","","","","","","","","","","","","","","","","","","","","","","","","","","","","","","","","","","","","","","","","","","","","","","","","","","","","","","","","","",
"Cabo Verde","CPV","Prevalence of undernourishment (% of population)","SN.ITK.DEFC.ZS","","","","","","","","","","","","","","","","","","","","","","","","","","","","","","","","","","","","","","","","","17.9","17.9","17.5","16.3","14.9","14","13.9","14","14.5","14.9","15.3","15.1","14.7","14","13.3","12.7","12.3","","",
"Costa Rica","CRI","Prevalence of undernourishment (% of population)","SN.ITK.DEFC.ZS","","","","","","","","","","","","","","","","","","","","","","","","","","","","","","","","","","","","","","","","","5.1","5.3","5.7","5.9","5.8","5.4","5.1","5","5.1","5.2","5.2","5.2","5.4","5.5","5.4","4.9","4.4","","",
"Caribbean small states","CSS","Prevalence of undernourishment (% of population)","SN.ITK.DEFC.ZS","","","","","","","","","","","","","","","","","","","","","","","","","","","","","","","","","","","","","","","","","8.85909574827532","8.38212757327774","8.26823447832003","8.36611330690767","8.50608622606927","8.51434627770084","8.55081606266116","8.61252096367718","8.78528313095499","8.85687591009284","8.7766252235318","8.57973437984599","8.33716097140396","8.0859691562296","7.84322665546645","7.52891815977442","7.3010934296608","","",
"Cuba","CUB","Prevalence of undernourishment (% of population)","SN.ITK.DEFC.ZS","","","","","","","","","","","","","","","","","","","","","","","","","","","","","","","","","","","","","","","","","3.7","2.8","2.5","2.5","2.5","2.5","2.5","2.5","2.5","2.5","2.5","2.5","2.5","2.5","2.5","2.5","2.5","","",
"Curacao","CUW","Prevalence of undernourishment (% of population)","SN.ITK.DEFC.ZS","","","","","","","","","","","","","","","","","","","","","","","","","","","","","","","","","","","","","","","","","","","","","","","","","","","","","","","","","","","",
"Cayman Islands","CYM","Prevalence of undernourishment (% of population)","SN.ITK.DEFC.ZS","","","","","","","","","","","","","","","","","","","","","","","","","","","","","","","","","","","","","","","","","","","","","","","","","","","","","","","","","","","",
"Cyprus","CYP","Prevalence of undernourishment (% of population)","SN.ITK.DEFC.ZS","","","","","","","","","","","","","","","","","","","","","","","","","","","","","","","","","","","","","","","","","3.5","3.9","4.4","4.9","5.4","5.7","5.6","5.1","4.7","4.4","4.3","4.2","4.3","4.4","4.5","4.5","4.6","","",
"Czech Republic","CZE","Prevalence of undernourishment (% of population)","SN.ITK.DEFC.ZS","","","","","","","","","","","","","","","","","","","","","","","","","","","","","","","","","","","","","","","","","2.5","2.5","2.5","2.5","2.5","2.5","2.5","2.5","2.5","2.5","2.5","2.5","2.5","2.5","2.5","2.5","2.5","","",
"Germany","DEU","Prevalence of undernourishment (% of population)","SN.ITK.DEFC.ZS","","","","","","","","","","","","","","","","","","","","","","","","","","","","","","","","","","","","","","","","","2.5","2.5","2.5","2.5","2.5","2.5","2.5","2.5","2.5","2.5","2.5","2.5","2.5","2.5","2.5","2.5","2.5","","",
"Djibouti","DJI","Prevalence of undernourishment (% of population)","SN.ITK.DEFC.ZS","","","","","","","","","","","","","","","","","","","","","","","","","","","","","","","","","","","","","","","","","48.1","45.4","42.7","39.8","36.2","32.2","28.6","25.6","23.9","22.9","22.3","21.3","20.2","19.3","19.1","19.4","19.7","","",
"Dominica","DMA","Prevalence of undernourishment (% of population)","SN.ITK.DEFC.ZS","","","","","","","","","","","","","","","","","","","","","","","","","","","","","","","","","","","","","","","","","4.7","4.4","4.6","5","5.5","5.7","5.6","5.1","4.9","4.9","5.2","5.6","5.9","6","5.9","5.6","5.2","","",
"Denmark","DNK","Prevalence of undernourishment (% of population)","SN.ITK.DEFC.ZS","","","","","","","","","","","","","","","","","","","","","","","","","","","","","","","","","","","","","","","","","2.5","2.5","2.5","2.5","2.5","2.5","2.5","2.5","2.5","2.5","2.5","2.5","2.5","2.5","2.5","2.5","2.5","","",
"Dominican Republic","DOM","Prevalence of undernourishment (% of population)","SN.ITK.DEFC.ZS","","","","","","","","","","","","","","","","","","","","","","","","","","","","","","","","","","","","","","","","","28.1","27.1","27.5","28.3","27","24.4","21.9","20.9","20.2","18.6","16.5","14.6","13.4","12.7","11.9","11.1","10.4","","",
"Algeria","DZA","Prevalence of undernourishment (% of population)","SN.ITK.DEFC.ZS","","","","","","","","","","","","","","","","","","","","","","","","","","","","","","","","","","","","","","","","","10.7","10.2","9.7","9.3","9","8.8","8.4","8","7.6","7","6.3","5.6","5","4.7","4.6","4.6","4.7","","",
"East Asia & Pacific (excluding high income)","EAP","Prevalence of undernourishment (% of population)","SN.ITK.DEFC.ZS","","","","","","","","","","","","","","","","","","","","","","","","","","","","","","","","","","","","","","","","","17.9041876070121","17.6396933930329","17.3140560900689","17.0755397005189","16.7070650386887","16.3115204607943","15.8096097619412","15.0780541935893","14.3152309715505","13.3768802390882","12.4267741543381","11.5892488399894","10.8719043001531","10.2339937560705","9.69867715834099","9.49453371275889","9.44678223069679","","",
"Early-demographic dividend","EAR","Prevalence of undernourishment (% of population)","SN.ITK.DEFC.ZS","","","","","","","","","","","","","","","","","","","","","","","","","","","","","","","","","","","","","","","","","18.3990973966452","18.7017521482208","19.2919805283158","19.5925422144372","19.5525410788199","18.9104398369357","17.8965369060201","16.8979362539308","16.096938582238","15.5265022647541","15.0701886262681","14.7042297679506","14.3837643601787","14.0188523573123","13.6024830189072","13.2499637174752","12.9873826032795","","",
"East Asia & Pacific","EAS","Prevalence of undernourishment (% of population)","SN.ITK.DEFC.ZS","","","","","","","","","","","","","","","","","","","","","","","","","","","","","","","","","","","","","","","","","16.2063709458904","15.9805004158667","15.7000125388977","15.4956687470343","15.1755062583744","14.8315239476037","14.3915430152984","13.7456498361851","13.0697040028805","12.2353732472308","11.3898903361046","10.6438790438658","10.0033656380189","9.43358906773701","8.95590432205391","8.77303332447534","8.73129376362563","","",
"Europe & Central Asia (excluding high income)","ECA","Prevalence of undernourishment (% of population)","SN.ITK.DEFC.ZS","","","","","","","","","","","","","","","","","","","","","","","","","","","","","","","","","","","","","","","","","5.95598965168787","5.65236686647449","5.22711921938195","4.75266738485877","4.28558249313498","3.95963228690856","3.75605841356883","3.59510638856143","3.49409375186473","3.42289440593698","3.36282848912327","3.2862592005755","3.21309991725194","3.17056510113642","3.15395813697548","3.18213662291118","3.2373262947677","","",
"Europe & Central Asia","ECS","Prevalence of undernourishment (% of population)","SN.ITK.DEFC.ZS","","","","","","","","","","","","","","","","","","","","","","","","","","","","","","","","","","","","","","","","","4.10767489189622","3.95717216688728","3.75488280482746","3.53318008837128","3.31913191503992","3.17053422909084","3.08319158383053","3.00842750513171","2.9589861205998","2.92327885733767","2.89400407358914","2.86053920449944","2.82731054020008","2.80771705721798","2.79834171948154","2.80879511660036","2.83247400988108","","",
"Ecuador","ECU","Prevalence of undernourishment (% of population)","SN.ITK.DEFC.ZS","","","","","","","","","","","","","","","","","","","","","","","","","","","","","","","","","","","","","","","","","18.5","18.8","18.9","18.6","17.7","17","16.2","15.6","14.4","12.8","10.7","9.1","8.3","8.2","8.2","8","7.8","","",
"Egypt, Arab Rep.","EGY","Prevalence of undernourishment (% of population)","SN.ITK.DEFC.ZS","","","","","","","","","","","","","","","","","","","","","","","","","","","","","","","","","","","","","","","","","5.2","5.1","5.2","5.3","5.5","5.4","5.1","4.8","4.6","4.5","4.5","4.5","4.4","4.4","4.4","4.6","4.8","","",
"Euro area","EMU","Prevalence of undernourishment (% of population)","SN.ITK.DEFC.ZS","","","","","","","","","","","","","","","","","","","","","","","","","","","","","","","","","","","","","","","","","2.59406695549253","2.59827548021708","2.59600763177608","2.5874360247071","2.5808060162943","2.57733006576806","2.57312957873609","2.56606992749746","2.55498573374063","2.54356062458768","2.53522343769345","2.53224355526707","2.53017261137499","2.52726538721151","2.52117007162584","2.51477808105601","2.51156184422837","","",
"Eritrea","ERI","Prevalence of undernourishment (% of population)","SN.ITK.DEFC.ZS","","","","","","","","","","","","","","","","","","","","","","","","","","","","","","","","","","","","","","","","","","","","","","","","","","","","","","","","","","","",
"Spain","ESP","Prevalence of undernourishment (% of population)","SN.ITK.DEFC.ZS","","","","","","","","","","","","","","","","","","","","","","","","","","","","","","","","","","","","","","","","","2.5","2.5","2.5","2.5","2.5","2.5","2.5","2.5","2.5","2.5","2.5","2.5","2.5","2.5","2.5","2.5","2.5","","",
"Estonia","EST","Prevalence of undernourishment (% of population)","SN.ITK.DEFC.ZS","","","","","","","","","","","","","","","","","","","","","","","","","","","","","","","","","","","","","","","","","5.6","5.5","5.5","5.2","4.8","4.2","3.7","3.2","2.8","2.6","2.6","2.7","2.9","2.9","2.9","2.9","2.8","","",
"Ethiopia","ETH","Prevalence of undernourishment (% of population)","SN.ITK.DEFC.ZS","","","","","","","","","","","","","","","","","","","","","","","","","","","","","","","","","","","","","","","","","52","49","46.7","44.2","42","39.7","38.5","37.2","35.6","33.7","32.1","30.7","29","26.9","24.7","22.8","21.4","","",
"European Union","EUU","Prevalence of undernourishment (% of population)","SN.ITK.DEFC.ZS","","","","","","","","","","","","","","","","","","","","","","","","","","","","","","","","","","","","","","","","","2.67269983421078","2.65564202737727","2.64198987266611","2.62982932837475","2.62166793906719","2.6165986281659","2.60662784934064","2.59832324345969","2.58592225506625","2.57637360974687","2.56894081312576","2.56458919564494","2.55624179913694","2.54540168915098","2.53257905203548","2.52110981932605","2.51467488086654","","",
"Fragile and conflict affected situations","FCS","Prevalence of undernourishment (% of population)","SN.ITK.DEFC.ZS","","","","","","","","","","","","","","","","","","","","","","","","","","","","","","","","","","","","","","","","","","","","","","","","","","","","","24.5839897062586","25.0159550457189","25.5424124360625","25.9939026888426","26.1502685512885","","",
"Finland","FIN","Prevalence of undernourishment (% of population)","SN.ITK.DEFC.ZS","","","","","","","","","","","","","","","","","","","","","","","","","","","","","","","","","","","","","","","","","2.5","2.5","2.5","2.5","2.5","2.5","2.5","2.5","2.5","2.5","2.5","2.5","2.5","2.5","2.5","2.5","2.5","","",
"Fiji","FJI","Prevalence of undernourishment (% of population)","SN.ITK.DEFC.ZS","","","","","","","","","","","","","","","","","","","","","","","","","","","","","","","","","","","","","","","","","4.8","4.7","4.6","4.5","4.4","4.3","4.2","4.3","4.3","4.5","4.5","4.5","4.4","4.4","4.4","4.4","4.4","","",
"France","FRA","Prevalence of undernourishment (% of population)","SN.ITK.DEFC.ZS","","","","","","","","","","","","","","","","","","","","","","","","","","","","","","","","","","","","","","","","","2.5","2.5","2.5","2.5","2.5","2.5","2.5","2.5","2.5","2.5","2.5","2.5","2.5","2.5","2.5","2.5","2.5","","",
"Faroe Islands","FRO","Prevalence of undernourishment (% of population)","SN.ITK.DEFC.ZS","","","","","","","","","","","","","","","","","","","","","","","","","","","","","","","","","","","","","","","","","","","","","","","","","","","","","","","","","","","",
"Micronesia, Fed. Sts.","FSM","Prevalence of undernourishment (% of population)","SN.ITK.DEFC.ZS","","","","","","","","","","","","","","","","","","","","","","","","","","","","","","","","","","","","","","","","","","","","","","","","","","","","","","","","","","","",
"Gabon","GAB","Prevalence of undernourishment (% of population)","SN.ITK.DEFC.ZS","","","","","","","","","","","","","","","","","","","","","","","","","","","","","","","","","","","","","","","","","10.5","10.8","11.3","11.4","11.2","10.9","11","11.2","11.5","11.3","10.8","10","9.4","9","8.8","9.1","9.4","","",
"United Kingdom","GBR","Prevalence of undernourishment (% of population)","SN.ITK.DEFC.ZS","","","","","","","","","","","","","","","","","","","","","","","","","","","","","","","","","","","","","","","","","2.5","2.5","2.5","2.5","2.5","2.5","2.5","2.5","2.5","2.5","2.5","2.5","2.5","2.5","2.5","2.5","2.5","","",
"Georgia","GEO","Prevalence of undernourishment (% of population)","SN.ITK.DEFC.ZS","","","","","","","","","","","","","","","","","","","","","","","","","","","","","","","","","","","","","","","","","13.5","13.6","11.4","9.2","7.9","7.2","7","6.8","6.7","7","7.7","8.1","8","7.6","7.5","7.4","7.4","","",
"Ghana","GHA","Prevalence of undernourishment (% of population)","SN.ITK.DEFC.ZS","","","","","","","","","","","","","","","","","","","","","","","","","","","","","","","","","","","","","","","","","15.6","13.6","12","11","10.1","9.3","8.3","7.3","6.3","5.6","5.3","5.5","5.9","6.3","6.4","6.3","6.1","","",
"Gibraltar","GIB","Prevalence of undernourishment (% of population)","SN.ITK.DEFC.ZS","","","","","","","","","","","","","","","","","","","","","","","","","","","","","","","","","","","","","","","","","","","","","","","","","","","","","","","","","","","",
"Guinea","GIN","Prevalence of undernourishment (% of population)","SN.ITK.DEFC.ZS","","","","","","","","","","","","","","","","","","","","","","","","","","","","","","","","","","","","","","","","","26.3","25.5","24.7","23.8","22.5","21.3","20.2","19.3","18.5","18","17.6","17.3","16.9","16.8","17","18.5","19.7","","",
"Gambia, The","GMB","Prevalence of undernourishment (% of population)","SN.ITK.DEFC.ZS","","","","","","","","","","","","","","","","","","","","","","","","","","","","","","","","","","","","","","","","","13.1","12.9","13.8","14.6","15.1","15.1","14.5","12.9","11.3","10","9.3","9.1","9.4","9.7","9.9","9.8","9.6","","",
"Guinea-Bissau","GNB","Prevalence of undernourishment (% of population)","SN.ITK.DEFC.ZS","","","","","","","","","","","","","","","","","","","","","","","","","","","","","","","","","","","","","","","","","25.7","24.4","24.2","24.5","24.6","24.4","24.1","23.7","23.3","22.8","22.2","22.2","22.8","24.1","25.4","26.1","26","","",
"Equatorial Guinea","GNQ","Prevalence of undernourishment (% of population)","SN.ITK.DEFC.ZS","","","","","","","","","","","","","","","","","","","","","","","","","","","","","","","","","","","","","","","","","","","","","","","","","","","","","","","","","","","",
"Greece","GRC","Prevalence of undernourishment (% of population)","SN.ITK.DEFC.ZS","","","","","","","","","","","","","","","","","","","","","","","","","","","","","","","","","","","","","","","","","2.5","2.5","2.5","2.5","2.5","2.5","2.5","2.5","2.5","2.5","2.5","2.5","2.5","2.5","2.5","2.5","2.5","","",
"Grenada","GRD","Prevalence of undernourishment (% of population)","SN.ITK.DEFC.ZS","","","","","","","","","","","","","","","","","","","","","","","","","","","","","","","","","","","","","","","","","","","","","","","","","","","","","","","","","","","",
"Greenland","GRL","Prevalence of undernourishment (% of population)","SN.ITK.DEFC.ZS","","","","","","","","","","","","","","","","","","","","","","","","","","","","","","","","","","","","","","","","","","","","","","","","","","","","","","","","","","","",
"Guatemala","GTM","Prevalence of undernourishment (% of population)","SN.ITK.DEFC.ZS","","","","","","","","","","","","","","","","","","","","","","","","","","","","","","","","","","","","","","","","","20.5","18.1","16.4","15.8","15.8","15.8","15.8","15.7","15.9","15.7","15.8","15.8","16.4","16.6","16.5","16.1","15.8","","",
"Guam","GUM","Prevalence of undernourishment (% of population)","SN.ITK.DEFC.ZS","","","","","","","","","","","","","","","","","","","","","","","","","","","","","","","","","","","","","","","","","","","","","","","","","","","","","","","","","","","",
"Guyana","GUY","Prevalence of undernourishment (% of population)","SN.ITK.DEFC.ZS","","","","","","","","","","","","","","","","","","","","","","","","","","","","","","","","","","","","","","","","","8.3","7.9","8.1","8.5","9","9.4","10","10.6","11.2","11.4","11.2","10.5","9.5","8.7","8.1","7.8","7.5","","",
"High income","HIC","Prevalence of undernourishment (% of population)","SN.ITK.DEFC.ZS","","","","","","","","","","","","","","","","","","","","","","","","","","","","","","","","","","","","","","","","","2.8292664275898","2.84340867054189","2.87305306095926","2.89570926112996","2.89984031740885","2.88244812531108","2.86611190531447","2.85594377159846","2.85109510907863","2.8419094521639","2.81749048682766","2.78848843034975","2.74849145356045","2.72304987595609","2.70524699825473","2.69989534130665","2.69994582976468","","",
"Hong Kong SAR, China","HKG","Prevalence of undernourishment (% of population)","SN.ITK.DEFC.ZS","","","","","","","","","","","","","","","","","","","","","","","","","","","","","","","","","","","","","","","","","2.5","2.5","2.5","2.5","2.5","2.5","2.5","2.5","2.5","2.5","2.5","2.5","2.5","2.5","2.5","2.5","2.5","","",
"Honduras","HND","Prevalence of undernourishment (% of population)","SN.ITK.DEFC.ZS","","","","","","","","","","","","","","","","","","","","","","","","","","","","","","","","","","","","","","","","","19.6","18.5","17.8","17.5","17.3","17","16.3","15.7","15.3","15.2","15.2","15.2","15.3","15.4","15.6","15.5","15.3","","",
"Heavily indebted poor countries (HIPC)","HPC","Prevalence of undernourishment (% of population)","SN.ITK.DEFC.ZS","","","","","","","","","","","","","","","","","","","","","","","","","","","","","","","","","","","","","","","","","35.3782080678104","34.4449860367345","33.4954836431619","32.4115690622747","31.2513934837699","30.0977268956807","29.132173527503","28.297577088039","27.4987698503011","26.6862317983722","25.9520664178429","25.3434133113371","24.982953267347","24.787430488322","24.7395938454761","25.0436385414832","25.3666214896055","","",
"Croatia","HRV","Prevalence of undernourishment (% of population)","SN.ITK.DEFC.ZS","","","","","","","","","","","","","","","","","","","","","","","","","","","","","","","","","","","","","","","","","10.4","7.8","5.8","4.4","3.5","2.9","2.5","2.5","2.5","2.5","2.5","2.6","2.5","2.5","2.5","2.5","2.5","","",
"Haiti","HTI","Prevalence of undernourishment (% of population)","SN.ITK.DEFC.ZS","","","","","","","","","","","","","","","","","","","","","","","","","","","","","","","","","","","","","","","","","54.9","56","56.9","57.6","57.6","57.1","55.9","54.5","52.5","50.8","49.5","49.5","49.6","49.6","48.8","47.5","45.8","","",
"Hungary","HUN","Prevalence of undernourishment (% of population)","SN.ITK.DEFC.ZS","","","","","","","","","","","","","","","","","","","","","","","","","","","","","","","","","","","","","","","","","2.5","2.5","2.5","2.5","2.5","2.5","2.5","2.5","2.5","2.5","2.5","2.5","2.5","2.5","2.5","2.5","2.5","","",
"IBRD only","IBD","Prevalence of undernourishment (% of population)","SN.ITK.DEFC.ZS","","","","","","","","","","","","","","","","","","","","","","","","","","","","","","","","","","","","","","","","","14.8490506204383","14.9775555592947","15.208832182252","15.3712718718014","15.3133321005832","14.9156421466559","14.2102883479823","13.4195586971897","12.7433636506935","12.1908374668925","11.6945966744458","11.2781873703853","10.8874488655596","10.4490392105502","10.0055820891262","9.7271496149143","9.57840573905327","","",
"IDA & IBRD total","IBT","Prevalence of undernourishment (% of population)","SN.ITK.DEFC.ZS","","","","","","","","","","","","","","","","","","","","","","","","","","","","","","","","","","","","","","","","","17.3264609994111","17.3316999600248","17.4496740066314","17.4211744482082","17.1764192892588","16.6357699793003","15.8995755128972","15.1395697326973","14.4991306557212","13.9672659252395","13.5031177932179","13.1209227174524","12.8647939089361","12.5352927447515","12.2385529523874","12.1101369602391","12.1195350798547","","",
"IDA total","IDA","Prevalence of undernourishment (% of population)","SN.ITK.DEFC.ZS","","","","","","","","","","","","","","","","","","","","","","","","","","","","","","","","","","","","","","","","","27.6679344616044","27.0381027992578","26.574422251741","25.6653074288854","24.5771930658119","23.3857125976006","22.4609706395214","21.7394272676047","21.1546468866681","20.6191136703618","20.1887583686481","19.845105654912","19.7892297829176","19.747178961137","19.85805337199","20.1367814314002","20.5696521645239","","",
"IDA blend","IDB","Prevalence of undernourishment (% of population)","SN.ITK.DEFC.ZS","","","","","","","","","","","","","","","","","","","","","","","","","","","","","","","","","","","","","","","","","19.8328156610463","20.3522871746765","20.8269399924164","20.3061177595453","19.2354889715778","17.9302100739597","17.0213744745558","16.4553240654839","16.12689611745","15.8563068860421","15.6243192251545","15.4660133805554","15.3098099437001","15.4048765860609","15.7226324149319","16.2241208140157","17.1289514429604","","",
"Indonesia","IDN","Prevalence of undernourishment (% of population)","SN.ITK.DEFC.ZS","","","","","","","","","","","","","","","","","","","","","","","","","","","","","","","","","","","","","","","","","17.8","18.2","18.4","18.4","18.4","18.5","18.3","17.8","16.9","14.8","12.4","10.1","8.5","7.6","6.9","7.3","7.7","","",
"IDA only","IDX","Prevalence of undernourishment (% of population)","SN.ITK.DEFC.ZS","","","","","","","","","","","","","","","","","","","","","","","","","","","","","","","","","","","","","","","","","32.2604503572296","30.9499862665403","29.9311860477378","28.7901385848617","27.6881919955544","26.5614263676985","25.6282172395375","24.8191208396927","24.0892404259923","23.4035991320899","22.8634379124832","22.4166055356603","22.3079394958744","22.1915811122757","22.1886891231118","22.3443827244337","22.5130555550222","","",
"Isle of Man","IMN","Prevalence of undernourishment (% of population)","SN.ITK.DEFC.ZS","","","","","","","","","","","","","","","","","","","","","","","","","","","","","","","","","","","","","","","","","","","","","","","","","","","","","","","","","","","",
"India","IND","Prevalence of undernourishment (% of population)","SN.ITK.DEFC.ZS","","","","","","","","","","","","","","","","","","","","","","","","","","","","","","","","","","","","","","","","","18.2","19.4","21","22.2","22.8","22.2","20.7","19.2","18.1","17.7","17.5","17.4","17.2","16.7","16","15.3","14.8","","",
"Not classified","INX","Prevalence of undernourishment (% of population)","SN.ITK.DEFC.ZS","","","","","","","","","","","","","","","","","","","","","","","","","","","","","","","","","","","","","","","","","","","","","","","","","","","","","","","","","","","",
"Ireland","IRL","Prevalence of undernourishment (% of population)","SN.ITK.DEFC.ZS","","","","","","","","","","","","","","","","","","","","","","","","","","","","","","","","","","","","","","","","","2.5","2.5","2.5","2.5","2.5","2.5","2.5","2.5","2.5","2.5","2.5","2.5","2.5","2.5","2.5","2.5","2.5","","",
"Iran, Islamic Rep.","IRN","Prevalence of undernourishment (% of population)","SN.ITK.DEFC.ZS","","","","","","","","","","","","","","","","","","","","","","","","","","","","","","","","","","","","","","","","","4.9","5.4","5.7","5.8","5.9","6.1","6.4","6.5","6.4","6.1","5.8","5.7","5.6","5.4","5.2","5.1","4.9","","",
"Iraq","IRQ","Prevalence of undernourishment (% of population)","SN.ITK.DEFC.ZS","","","","","","","","","","","","","","","","","","","","","","","","","","","","","","","","","","","","","","","","","28.3","26.9","26.6","27.1","27.4","28.2","29.3","30","29.7","28.5","27.3","26.7","26.8","27.4","27.7","27.8","27.7","","",
"Iceland","ISL","Prevalence of undernourishment (% of population)","SN.ITK.DEFC.ZS","","","","","","","","","","","","","","","","","","","","","","","","","","","","","","","","","","","","","","","","","2.5","2.5","2.5","2.5","2.5","2.5","2.5","2.5","2.5","2.5","2.5","2.5","2.5","2.5","2.5","2.5","2.5","","",
"Israel","ISR","Prevalence of undernourishment (% of population)","SN.ITK.DEFC.ZS","","","","","","","","","","","","","","","","","","","","","","","","","","","","","","","","","","","","","","","","","2.5","2.5","2.5","2.5","2.5","2.5","2.5","2.5","2.5","2.5","2.5","2.5","2.5","2.5","2.5","2.5","2.5","","",
"Italy","ITA","Prevalence of undernourishment (% of population)","SN.ITK.DEFC.ZS","","","","","","","","","","","","","","","","","","","","","","","","","","","","","","","","","","","","","","","","","2.5","2.5","2.5","2.5","2.5","2.5","2.5","2.5","2.5","2.5","2.5","2.5","2.5","2.5","2.5","2.5","2.5","","",
"Jamaica","JAM","Prevalence of undernourishment (% of population)","SN.ITK.DEFC.ZS","","","","","","","","","","","","","","","","","","","","","","","","","","","","","","","","","","","","","","","","","7.4","6.8","6.6","6.6","6.8","7","7.3","7.7","8.2","8.6","8.8","9","9.2","9.3","9.3","9","8.9","","",
"Jordan","JOR","Prevalence of undernourishment (% of population)","SN.ITK.DEFC.ZS","","","","","","","","","","","","","","","","","","","","","","","","","","","","","","","","","","","","","","","","","12.6","10.9","9","7.6","6.8","6.6","6.8","7.1","7.6","7.9","8.2","8.6","9.5","10.7","12","12.9","13.5","","",
"Japan","JPN","Prevalence of undernourishment (% of population)","SN.ITK.DEFC.ZS","","","","","","","","","","","","","","","","","","","","","","","","","","","","","","","","","","","","","","","","","2.5","2.5","2.5","2.5","2.5","2.5","2.5","2.5","2.5","2.5","2.5","2.5","2.5","2.5","2.5","2.5","2.5","","",
"Kazakhstan","KAZ","Prevalence of undernourishment (% of population)","SN.ITK.DEFC.ZS","","","","","","","","","","","","","","","","","","","","","","","","","","","","","","","","","","","","","","","","","5.9","5.7","5.7","5.9","6.1","5.9","5.2","4.3","3.8","3.4","3.1","2.7","2.5","2.5","2.5","2.5","2.5","","",
"Kenya","KEN","Prevalence of undernourishment (% of population)","SN.ITK.DEFC.ZS","","","","","","","","","","","","","","","","","","","","","","","","","","","","","","","","","","","","","","","","","31.3","31.8","33.2","33","31.3","28.2","26.4","25.6","25.4","24.5","23.5","22.5","21.6","20.8","20.8","22.5","24.2","","",
"Kyrgyz Republic","KGZ","Prevalence of undernourishment (% of population)","SN.ITK.DEFC.ZS","","","","","","","","","","","","","","","","","","","","","","","","","","","","","","","","","","","","","","","","","16.3","15.8","14.4","12","10.3","9.7","10.1","10.2","9.8","9","8.3","7.8","7.3","6.9","6.6","6.5","6.5","","",
"Cambodia","KHM","Prevalence of undernourishment (% of population)","SN.ITK.DEFC.ZS","","","","","","","","","","","","","","","","","","","","","","","","","","","","","","","","","","","","","","","","","29.3","26","23.3","21.8","20.8","20","19.2","18.8","18.7","18.8","18.8","18.7","18.8","18.8","18.8","18.7","18.5","","",
"Kiribati","KIR","Prevalence of undernourishment (% of population)","SN.ITK.DEFC.ZS","","","","","","","","","","","","","","","","","","","","","","","","","","","","","","","","","","","","","","","","","4.4","4.3","4.5","4.6","4.7","4.6","4.6","4.6","4.4","4.1","3.7","3.3","3.1","3.2","3.3","3.2","3.1","","",
"St. Kitts and Nevis","KNA","Prevalence of undernourishment (% of population)","SN.ITK.DEFC.ZS","","","","","","","","","","","","","","","","","","","","","","","","","","","","","","","","","","","","","","","","","","","","","","","","","","","","","","","","","","","",
"Korea, Rep.","KOR","Prevalence of undernourishment (% of population)","SN.ITK.DEFC.ZS","","","","","","","","","","","","","","","","","","","","","","","","","","","","","","","","","","","","","","","","","2.5","2.5","2.5","2.5","2.5","2.5","2.5","2.5","2.5","2.5","2.5","2.5","2.5","2.5","2.5","2.5","2.5","","",
"Kuwait","KWT","Prevalence of undernourishment (% of population)","SN.ITK.DEFC.ZS","","","","","","","","","","","","","","","","","","","","","","","","","","","","","","","","","","","","","","","","","2.5","2.5","2.5","2.5","2.5","2.5","2.5","2.5","2.5","2.5","2.5","2.5","2.5","2.5","2.5","2.5","2.5","","",
"Latin America & Caribbean (excluding high income)","LAC","Prevalence of undernourishment (% of population)","SN.ITK.DEFC.ZS","","","","","","","","","","","","","","","","","","","","","","","","","","","","","","","","","","","","","","","","","12.7804244266321","12.0693805882824","11.4158495505266","10.8193156175264","10.1923565103461","9.43796853740658","8.70347486972105","8.02927857952863","7.59652071601511","7.3564926444085","7.16998771300073","7.00399281235765","6.8886600287119","6.77142903934251","6.67284680913641","6.56992304180825","6.49644519632627","","",
"Lao PDR","LAO","Prevalence of undernourishment (% of population)","SN.ITK.DEFC.ZS","","","","","","","","","","","","","","","","","","","","","","","","","","","","","","","","","","","","","","","","","37.7","36","33.9","31.4","29.1","27","25.9","24.7","23.9","22.3","21.1","19.6","18.7","17.7","17.2","16.7","16.6","","",
"Lebanon","LBN","Prevalence of undernourishment (% of population)","SN.ITK.DEFC.ZS","","","","","","","","","","","","","","","","","","","","","","","","","","","","","","","","","","","","","","","","","2.5","2.5","2.5","2.9","3.3","3.4","3.4","3.4","3.5","3.8","4.5","5.9","7.6","9.3","10.5","10.9","10.9","","",
"Liberia","LBR","Prevalence of undernourishment (% of population)","SN.ITK.DEFC.ZS","","","","","","","","","","","","","","","","","","","","","","","","","","","","","","","","","","","","","","","","","38.4","39.8","40.6","40.7","40","39.4","39","38.2","37.3","36.5","36.5","36.7","37.2","37.6","38","38.4","38.8","","",
"Libya","LBY","Prevalence of undernourishment (% of population)","SN.ITK.DEFC.ZS","","","","","","","","","","","","","","","","","","","","","","","","","","","","","","","","","","","","","","","","","","","","","","","","","","","","","","","","","","","",
"St. Lucia","LCA","Prevalence of undernourishment (% of population)","SN.ITK.DEFC.ZS","","","","","","","","","","","","","","","","","","","","","","","","","","","","","","","","","","","","","","","","","","","","","","","","","","","","","","","","","","","",
"Latin America & Caribbean","LCN","Prevalence of undernourishment (% of population)","SN.ITK.DEFC.ZS","","","","","","","","","","","","","","","","","","","","","","","","","","","","","","","","","","","","","","","","","11.9070870631541","11.3054432117313","10.7674387248444","10.2661067654038","9.70724978912887","8.99692433495581","8.30953485083889","7.68175448275143","7.28244832174742","7.061459318689","6.87863171861794","6.70867029137719","6.5769276133112","6.44978507028741","6.3479337263248","6.26203516685703","6.20994483927287","","",
"Least developed countries: UN classification","LDC","Prevalence of undernourishment (% of population)","SN.ITK.DEFC.ZS","","","","","","","","","","","","","","","","","","","","","","","","","","","","","","","","","","","","","","","","","34.6593608380356","33.2678730625778","32.1625786599421","30.9146582514916","29.7234379188333","28.5041605247256","27.4785459616828","26.5632880441995","25.7210157007153","24.9320729040267","24.3172490702854","23.79026026683","23.5176685837481","23.2603311811073","23.1407509668076","23.2478672628","23.4162548410884","","",
"Low income","LIC","Prevalence of undernourishment (% of population)","SN.ITK.DEFC.ZS","","","","","","","","","","","","","","","","","","","","","","","","","","","","","","","","","","","","","","","","","36.6650088823023","35.8833123413369","34.9566990737728","33.8668448552983","32.6937981968437","31.5976575080929","30.7301078775014","29.9687891174487","29.2339375523503","28.4244730804132","27.710240513596","27.1318918317444","26.873549362184","26.9577032817002","27.2381863215208","27.7737622983499","28.1620396114969","","",
"Liechtenstein","LIE","Prevalence of undernourishment (% of population)","SN.ITK.DEFC.ZS","","","","","","","","","","","","","","","","","","","","","","","","","","","","","","","","","","","","","","","","","","","","","","","","","","","","","","","","","","","",
"Sri Lanka","LKA","Prevalence of undernourishment (% of population)","SN.ITK.DEFC.ZS","","","","","","","","","","","","","","","","","","","","","","","","","","","","","","","","","","","","","","","","","18.6","18.5","18.9","18.9","18.6","18.2","17.4","16.5","15.4","14.5","13.8","13.1","12.3","11.6","11","10.8","10.9","","",
"Lower middle income","LMC","Prevalence of undernourishment (% of population)","SN.ITK.DEFC.ZS","","","","","","","","","","","","","","","","","","","","","","","","","","","","","","","","","","","","","","","","","19.146781333415","19.471496733629","20.0597944820934","20.3014254959107","20.2178277753712","19.5455924391005","18.4788262675438","17.4442159396467","16.6163652849592","16.0633377637703","15.6328340328858","15.2770305527695","15.0673644627616","14.646104462624","14.1964541023839","13.9043237336688","13.8355074275173","","",
"Low & middle income","LMY","Prevalence of undernourishment (% of population)","SN.ITK.DEFC.ZS","","","","","","","","","","","","","","","","","","","","","","","","","","","","","","","","","","","","","","","","","17.6629329897384","17.6613935166897","17.768283517204","17.7310681497762","17.4802968093764","16.9413396486389","16.2056926915135","15.4458316099328","14.8033233533425","14.2664285803943","13.7970909094715","13.4097888390008","13.1492680836013","12.816337876111","12.5178378602767","12.3873129801613","12.3959983928311","","",
"Lesotho","LSO","Prevalence of undernourishment (% of population)","SN.ITK.DEFC.ZS","","","","","","","","","","","","","","","","","","","","","","","","","","","","","","","","","","","","","","","","","13.6","13","12.6","12.3","11.9","11.7","11.7","12","12.3","12.5","12.7","13.1","13.3","13.3","13.1","12.9","12.8","","",
"Late-demographic dividend","LTE","Prevalence of undernourishment (% of population)","SN.ITK.DEFC.ZS","","","","","","","","","","","","","","","","","","","","","","","","","","","","","","","","","","","","","","","","","14.2804621910231","13.9458350156628","13.5203805281838","13.1846262119872","12.7977292949208","12.4500926920865","12.0374670468571","11.4738864713889","10.9352812391438","10.3765066865039","9.82303876052163","9.32569955378673","8.83636685312673","8.3487323246031","7.93560302001324","7.70683411572959","7.61807903545738","","",
"Lithuania","LTU","Prevalence of undernourishment (% of population)","SN.ITK.DEFC.ZS","","","","","","","","","","","","","","","","","","","","","","","","","","","","","","","","","","","","","","","","","2.5","2.5","2.5","2.5","2.5","2.5","2.5","2.5","2.5","2.5","2.5","2.5","2.5","2.5","2.5","2.5","2.5","","",
"Luxembourg","LUX","Prevalence of undernourishment (% of population)","SN.ITK.DEFC.ZS","","","","","","","","","","","","","","","","","","","","","","","","","","","","","","","","","","","","","","","","","2.5","2.5","2.5","2.5","2.5","2.5","2.5","2.5","2.5","2.5","2.5","2.5","2.5","2.5","2.5","2.5","2.5","","",
"Latvia","LVA","Prevalence of undernourishment (% of population)","SN.ITK.DEFC.ZS","","","","","","","","","","","","","","","","","","","","","","","","","","","","","","","","","","","","","","","","","5.3","4.5","3.6","2.9","2.5","2.5","2.5","2.5","2.5","2.5","2.5","2.5","2.5","2.5","2.5","2.5","2.5","","",
"Macao SAR, China","MAC","Prevalence of undernourishment (% of population)","SN.ITK.DEFC.ZS","","","","","","","","","","","","","","","","","","","","","","","","","","","","","","","","","","","","","","","","","22.6","21.9","20.2","18.1","16","14.6","14","13.8","14","14","13.7","13.2","12.6","12.2","11.9","11.6","11.4","","",
"St. Martin (French part)","MAF","Prevalence of undernourishment (% of population)","SN.ITK.DEFC.ZS","","","","","","","","","","","","","","","","","","","","","","","","","","","","","","","","","","","","","","","","","","","","","","","","","","","","","","","","","","","",
"Morocco","MAR","Prevalence of undernourishment (% of population)","SN.ITK.DEFC.ZS","","","","","","","","","","","","","","","","","","","","","","","","","","","","","","","","","","","","","","","","","6.8","6.7","6.4","6","5.7","5.7","5.6","5.5","5.5","5.4","5.2","4.9","4.6","4.2","4","3.9","3.9","","",
"Monaco","MCO","Prevalence of undernourishment (% of population)","SN.ITK.DEFC.ZS","","","","","","","","","","","","","","","","","","","","","","","","","","","","","","","","","","","","","","","","","","","","","","","","","","","","","","","","","","","",
"Moldova","MDA","Prevalence of undernourishment (% of population)","SN.ITK.DEFC.ZS","","","","","","","","","","","","","","","","","","","","","","","","","","","","","","","","","","","","","","","","","","","","","","","","","","","","","","","","","","","",
"Madagascar","MDG","Prevalence of undernourishment (% of population)","SN.ITK.DEFC.ZS","","","","","","","","","","","","","","","","","","","","","","","","","","","","","","","","","","","","","","","","","34.4","35.5","37","37.5","36.9","35","33.5","32.4","32.2","31.9","31.8","32","33.3","35.5","38.4","41.1","43.1","","",
"Maldives","MDV","Prevalence of undernourishment (% of population)","SN.ITK.DEFC.ZS","","","","","","","","","","","","","","","","","","","","","","","","","","","","","","","","","","","","","","","","","14","14.6","15.5","16.6","17.6","18.2","18.1","17","15.2","13.2","11.7","11","11","11.1","11.2","11","11","","",
"Middle East & North Africa","MEA","Prevalence of undernourishment (% of population)","SN.ITK.DEFC.ZS","","","","","","","","","","","","","","","","","","","","","","","","","","","","","","","","","","","","","","","","","9.4667018214632","9.41027681381216","9.47069557035645","9.54717055881374","9.60950097164722","9.6416768245161","9.60156883796902","9.49278741716467","9.33574667553011","9.02646001780311","8.71277211565804","8.49255728237884","8.40964333660748","8.52489234485913","8.71009337252583","8.96006558713713","9.13402767295046","","",
"Mexico","MEX","Prevalence of undernourishment (% of population)","SN.ITK.DEFC.ZS","","","","","","","","","","","","","","","","","","","","","","","","","","","","","","","","","","","","","","","","","4.4","4.4","4.8","5.5","5.8","5.5","5","4.7","4.7","4.7","4.6","4.6","4.6","4.4","4.2","4","3.8","","",
"Marshall Islands","MHL","Prevalence of undernourishment (% of population)","SN.ITK.DEFC.ZS","","","","","","","","","","","","","","","","","","","","","","","","","","","","","","","","","","","","","","","","","","","","","","","","","","","","","","","","","","","",
"Middle income","MIC","Prevalence of undernourishment (% of population)","SN.ITK.DEFC.ZS","","","","","","","","","","","","","","","","","","","","","","","","","","","","","","","","","","","","","","","","","16.0955990460388","16.136582525861","16.3083999257924","16.3398241253354","16.1487132290793","15.6393162814956","14.8984267445003","14.1193598637152","13.4659094322578","12.9350194800361","12.4693518899702","12.0807540843544","11.80941881706","11.4152519391498","11.0377955578923","10.8175063870613","10.7639875956752","","",
"North Macedonia","MKD","Prevalence of undernourishment (% of population)","SN.ITK.DEFC.ZS","","","","","","","","","","","","","","","","","","","","","","","","","","","","","","","","","","","","","","","","","7.9","8.8","8.4","7.7","6.7","6.1","5.3","4.5","4.1","4.1","4.4","4.6","4.6","4.5","4.4","4.2","4.1","","",
"Mali","MLI","Prevalence of undernourishment (% of population)","SN.ITK.DEFC.ZS","","","","","","","","","","","","","","","","","","","","","","","","","","","","","","","","","","","","","","","","","14.6","14","13.5","12.9","12.2","11.1","9.8","8.6","7.7","7.2","6.9","6.7","6.4","6.1","5.9","5.9","6","","",
"Malta","MLT","Prevalence of undernourishment (% of population)","SN.ITK.DEFC.ZS","","","","","","","","","","","","","","","","","","","","","","","","","","","","","","","","","","","","","","","","","2.5","2.5","2.5","2.5","2.5","2.5","2.5","2.5","2.5","2.5","2.5","2.5","2.5","2.5","2.5","2.5","2.5","","",
"Myanmar","MMR","Prevalence of undernourishment (% of population)","SN.ITK.DEFC.ZS","","","","","","","","","","","","","","","","","","","","","","","","","","","","","","","","","","","","","","","","","48.3","44.9","41.3","38.2","35.3","32","28.5","24.9","21.6","19","16.9","15.3","13.9","12.6","11.5","10.8","10.5","","",
"Middle East & North Africa (excluding high income)","MNA","Prevalence of undernourishment (% of population)","SN.ITK.DEFC.ZS","","","","","","","","","","","","","","","","","","","","","","","","","","","","","","","","","","","","","","","","","10.0410494525821","9.9628054318563","9.98648310395531","10.0288557042225","10.078437637289","10.11982996131","10.1000192087011","9.98663399501393","9.82113556039779","9.49364719146706","9.19957028454306","9.01586781206172","9.00497223635712","9.17933104123589","9.42533238718589","9.73106740737244","9.95247178231113","","",
"Montenegro","MNE","Prevalence of undernourishment (% of population)","SN.ITK.DEFC.ZS","","","","","","","","","","","","","","","","","","","","","","","","","","","","","","","","","","","","","","","","","","","","","","","2.5","2.5","2.5","2.5","2.5","2.5","2.5","2.5","2.5","2.5","2.5","","",
"Mongolia","MNG","Prevalence of undernourishment (% of population)","SN.ITK.DEFC.ZS","","","","","","","","","","","","","","","","","","","","","","","","","","","","","","","","","","","","","","","","","35.1","33.4","32.7","32.5","32.2","31","29.1","26.6","24.2","22.2","20.8","19.5","18.6","18.1","18.2","18.5","18.7","","",
"Northern Mariana Islands","MNP","Prevalence of undernourishment (% of population)","SN.ITK.DEFC.ZS","","","","","","","","","","","","","","","","","","","","","","","","","","","","","","","","","","","","","","","","","","","","","","","","","","","","","","","","","","","",
"Mozambique","MOZ","Prevalence of undernourishment (% of population)","SN.ITK.DEFC.ZS","","","","","","","","","","","","","","","","","","","","","","","","","","","","","","","","","","","","","","","","","40.3","40.2","39.2","38.2","37.5","37","35.9","35","33.4","31.9","30","28.9","28.6","29.1","29.8","30.4","30.5","","",
"Mauritania","MRT","Prevalence of undernourishment (% of population)","SN.ITK.DEFC.ZS","","","","","","","","","","","","","","","","","","","","","","","","","","","","","","","","","","","","","","","","","11.6","11.4","11.4","11.5","12.1","12.1","11.5","10.2","9.3","8.7","8.2","7.8","7.2","7.1","7.2","9.4","11.3","","",
"Mauritius","MUS","Prevalence of undernourishment (% of population)","SN.ITK.DEFC.ZS","","","","","","","","","","","","","","","","","","","","","","","","","","","","","","","","","","","","","","","","","6.6","6.3","6","5.7","5.5","5.2","5.2","5","4.9","4.7","4.8","5.1","5.4","5.5","5.5","5.6","5.8","","",
"Malawi","MWI","Prevalence of undernourishment (% of population)","SN.ITK.DEFC.ZS","","","","","","","","","","","","","","","","","","","","","","","","","","","","","","","","","","","","","","","","","27.1","26.4","27","27.4","27.3","26.1","24.5","23.2","22.3","22","21.8","21.7","21.7","22.1","23.2","24.5","26.3","","",
"Malaysia","MYS","Prevalence of undernourishment (% of population)","SN.ITK.DEFC.ZS","","","","","","","","","","","","","","","","","","","","","","","","","","","","","","","","","","","","","","","","","2.8","3.2","3.5","3.7","3.8","3.9","4.1","4.2","4.2","4","3.7","3.5","3.4","3.2","3","2.9","2.9","","",
"North America","NAC","Prevalence of undernourishment (% of population)","SN.ITK.DEFC.ZS","","","","","","","","","","","","","","","","","","","","","","","","","","","","","","","","","","","","","","","","","2.5","2.5","2.5","2.5","2.5","2.5","2.5","2.5","2.5","2.5","2.5","2.5","2.5","2.5","2.5","2.5","2.5","","",
"Namibia","NAM","Prevalence of undernourishment (% of population)","SN.ITK.DEFC.ZS","","","","","","","","","","","","","","","","","","","","","","","","","","","","","","","","","","","","","","","","","26.2","24.4","24.3","24.3","24.5","25.1","26.7","29.5","33.3","36.4","37.4","36.1","33.5","30.5","28","26.1","25.4","","",
"New Caledonia","NCL","Prevalence of undernourishment (% of population)","SN.ITK.DEFC.ZS","","","","","","","","","","","","","","","","","","","","","","","","","","","","","","","","","","","","","","","","","7.6","7.5","7.6","7.8","8","8.2","8.2","8.2","8.1","8","7.7","7.5","7.3","7.6","8.3","9.8","11.6","","",
"Niger","NER","Prevalence of undernourishment (% of population)","SN.ITK.DEFC.ZS","","","","","","","","","","","","","","","","","","","","","","","","","","","","","","","","","","","","","","","","","21.6","19.7","18.5","17.1","15.9","15.1","14.4","13.5","12.4","11.7","11.3","10.9","10.6","10.3","10.2","12.3","14.4","","",
"Nigeria","NGA","Prevalence of undernourishment (% of population)","SN.ITK.DEFC.ZS","","","","","","","","","","","","","","","","","","","","","","","","","","","","","","","","","","","","","","","","","9.3","9","9","8.3","7.4","6.5","6.1","6","6","6.1","6.2","6.5","6.7","7.1","7.8","9","11.5","","",
"Nicaragua","NIC","Prevalence of undernourishment (% of population)","SN.ITK.DEFC.ZS","","","","","","","","","","","","","","","","","","","","","","","","","","","","","","","","","","","","","","","","","32.6","29.3","27.4","26.2","25.4","24.4","23.4","22.6","22.1","21.6","20.9","20","19","17.8","17","16.4","16.2","","",
"Netherlands","NLD","Prevalence of undernourishment (% of population)","SN.ITK.DEFC.ZS","","","","","","","","","","","","","","","","","","","","","","","","","","","","","","","","","","","","","","","","","2.5","2.5","2.5","2.5","2.5","2.5","2.5","2.5","2.5","2.5","2.5","2.5","2.5","2.5","2.5","2.5","2.5","","",
"Norway","NOR","Prevalence of undernourishment (% of population)","SN.ITK.DEFC.ZS","","","","","","","","","","","","","","","","","","","","","","","","","","","","","","","","","","","","","","","","","2.5","2.5","2.5","2.5","2.5","2.5","2.5","2.5","2.5","2.5","2.5","2.5","2.5","2.5","2.5","2.5","2.5","","",
"Nepal","NPL","Prevalence of undernourishment (% of population)","SN.ITK.DEFC.ZS","","","","","","","","","","","","","","","","","","","","","","","","","","","","","","","","","","","","","","","","","22","21.4","20.4","18.7","17.2","16","15.2","14","12.6","11.2","10.1","9.4","9.2","9.3","9.4","9.5","9.5","","",
"Nauru","NRU","Prevalence of undernourishment (% of population)","SN.ITK.DEFC.ZS","","","","","","","","","","","","","","","","","","","","","","","","","","","","","","","","","","","","","","","","","","","","","","","","","","","","","","","","","","","",
"New Zealand","NZL","Prevalence of undernourishment (% of population)","SN.ITK.DEFC.ZS","","","","","","","","","","","","","","","","","","","","","","","","","","","","","","","","","","","","","","","","","2.5","2.5","2.5","2.5","2.5","2.5","2.5","2.5","2.5","2.5","2.5","2.5","2.5","2.5","2.5","2.5","2.5","","",
"OECD members","OED","Prevalence of undernourishment (% of population)","SN.ITK.DEFC.ZS","","","","","","","","","","","","","","","","","","","","","","","","","","","","","","","","","","","","","","","","","2.72078605140087","2.71872522545032","2.75013232598935","2.81087748110983","2.83577021763313","2.80814789502727","2.7622991523968","2.73651638774869","2.73824682737471","2.7386066068953","2.72890712182932","2.72746678811779","2.72576496050121","2.70575454216172","2.68450704729166","2.66021489572417","2.64051153419417","","",
"Oman","OMN","Prevalence of undernourishment (% of population)","SN.ITK.DEFC.ZS","","","","","","","","","","","","","","","","","","","","","","","","","","","","","","","","","","","","","","","","","11.9","11.5","11.7","11.7","11.3","10.5","9.5","8.3","7.1","6.1","5.6","5.3","5.1","5.1","5.1","5.3","5.4","","",
"Other small states","OSS","Prevalence of undernourishment (% of population)","SN.ITK.DEFC.ZS","","","","","","","","","","","","","","","","","","","","","","","","","","","","","","","","","","","","","","","","","18.7860134488891","17.907577791355","17.5460545276249","17.2516201370196","17.0139707803568","16.9008839610173","16.5534267033736","16.7055054268301","16.8948855223512","16.9075710235729","16.6317891412897","16.1683586195645","15.7329398838633","15.4188004600375","15.298540042103","15.3030906535043","15.4279497810359","","",
"Pakistan","PAK","Prevalence of undernourishment (% of population)","SN.ITK.DEFC.ZS","","","","","","","","","","","","","","","","","","","","","","","","","","","","","","","","","","","","","","","","","23.4","24.8","25.8","25.5","24.5","23.3","22.4","21.7","21.3","21.1","21.1","21.1","21","21.1","21.2","20.9","20.5","","",
"Panama","PAN","Prevalence of undernourishment (% of population)","SN.ITK.DEFC.ZS","","","","","","","","","","","","","","","","","","","","","","","","","","","","","","","","","","","","","","","","","27.7","26.2","24.3","23.3","23.8","22.9","21","18.3","16.3","14.7","13.2","11.8","10.5","9.7","9.1","9.2","9.2","","",
"Peru","PER","Prevalence of undernourishment (% of population)","SN.ITK.DEFC.ZS","","","","","","","","","","","","","","","","","","","","","","","","","","","","","","","","","","","","","","","","","21.8","21.7","22.3","22.6","21.6","19.6","17.6","15.7","14.2","12.6","11.2","10.2","9.5","9.3","9.3","9","8.8","","",
"Philippines","PHL","Prevalence of undernourishment (% of population)","SN.ITK.DEFC.ZS","","","","","","","","","","","","","","","","","","","","","","","","","","","","","","","","","","","","","","","","","20.4","19.7","19.1","18.5","17.4","16.3","15.2","14.1","13.3","13","13.3","13.7","14.1","14.2","14.2","13.9","13.7","","",
"Palau","PLW","Prevalence of undernourishment (% of population)","SN.ITK.DEFC.ZS","","","","","","","","","","","","","","","","","","","","","","","","","","","","","","","","","","","","","","","","","","","","","","","","","","","","","","","","","","","",
"Papua New Guinea","PNG","Prevalence of undernourishment (% of population)","SN.ITK.DEFC.ZS","","","","","","","","","","","","","","","","","","","","","","","","","","","","","","","","","","","","","","","","","","","","","","","","","","","","","","","","","","","",
"Poland","POL","Prevalence of undernourishment (% of population)","SN.ITK.DEFC.ZS","","","","","","","","","","","","","","","","","","","","","","","","","","","","","","","","","","","","","","","","","2.5","2.5","2.5","2.5","2.5","2.5","2.5","2.5","2.5","2.5","2.5","2.5","2.5","2.5","2.5","2.5","2.5","","",
"Pre-demographic dividend","PRE","Prevalence of undernourishment (% of population)","SN.ITK.DEFC.ZS","","","","","","","","","","","","","","","","","","","","","","","","","","","","","","","","","","","","","","","","","27.0096182763468","26.7133633237189","26.3838667208518","25.5998278762037","24.5548075754374","23.5089190570963","22.7452433883801","22.2173795497194","21.7740814699068","21.2881190673522","20.8341185769041","20.4943166301391","20.6131510169989","20.6923237323585","21.034789649246","21.8865300083763","23.0361064359504","","",
"Puerto Rico","PRI","Prevalence of undernourishment (% of population)","SN.ITK.DEFC.ZS","","","","","","","","","","","","","","","","","","","","","","","","","","","","","","","","","","","","","","","","","","","","","","","","","","","","","","","","","","","",
"Korea, Dem. People’s Rep.","PRK","Prevalence of undernourishment (% of population)","SN.ITK.DEFC.ZS","","","","","","","","","","","","","","","","","","","","","","","","","","","","","","","","","","","","","","","","","37.5","37.1","35.5","34.5","34.1","35.4","37.3","39.3","40.8","41.5","41.8","41.7","41.6","41.7","42.3","42.8","43.4","","",
"Portugal","PRT","Prevalence of undernourishment (% of population)","SN.ITK.DEFC.ZS","","","","","","","","","","","","","","","","","","","","","","","","","","","","","","","","","","","","","","","","","2.5","2.5","2.5","2.5","2.5","2.5","2.5","2.5","2.5","2.5","2.5","2.5","2.5","2.5","2.5","2.5","2.5","","",
"Paraguay","PRY","Prevalence of undernourishment (% of population)","SN.ITK.DEFC.ZS","","","","","","","","","","","","","","","","","","","","","","","","","","","","","","","","","","","","","","","","","12.9","12.2","11.5","11","11.2","11.9","12.4","12.6","12.8","12.7","12.2","11.9","12","12.3","12.2","11.7","11.2","","",
"West Bank and Gaza","PSE","Prevalence of undernourishment (% of population)","SN.ITK.DEFC.ZS","","","","","","","","","","","","","","","","","","","","","","","","","","","","","","","","","","","","","","","","","","","","","","","","","","","","","","","","","","","",
"Pacific island small states","PSS","Prevalence of undernourishment (% of population)","SN.ITK.DEFC.ZS","","","","","","","","","","","","","","","","","","","","","","","","","","","","","","","","","","","","","","","","","7.73263165720473","7.48918417678982","7.22154375439627","6.97210712133253","6.75256436041834","6.56702777718254","6.36380518128263","6.32512755283628","6.2031521899087","6.2379331555414","6.20599537245176","6.35361205054171","6.60098520690971","6.90522578472707","7.01421152123577","6.912111295357","6.83641646868944","","",
"Post-demographic dividend","PST","Prevalence of undernourishment (% of population)","SN.ITK.DEFC.ZS","","","","","","","","","","","","","","","","","","","","","","","","","","","","","","","","","","","","","","","","","2.67940104935228","2.61749938564387","2.5744271161935","2.55952602395811","2.55353914267778","2.54472555208044","2.53524331955787","2.53300063420241","2.52995417265389","2.52869698491723","2.5277048383959","2.52637304224511","2.52280586833403","2.51841781176188","2.5141241190018","2.52715052712737","2.54135795973477","","",
"French Polynesia","PYF","Prevalence of undernourishment (% of population)","SN.ITK.DEFC.ZS","","","","","","","","","","","","","","","","","","","","","","","","","","","","","","","","","","","","","","","","","4.6","4.3","4","3.9","3.9","3.9","4","4","4.1","4.1","4.2","4.2","4.1","4.2","4.2","4.3","4.4","","",
"Qatar","QAT","Prevalence of undernourishment (% of population)","SN.ITK.DEFC.ZS","","","","","","","","","","","","","","","","","","","","","","","","","","","","","","","","","","","","","","","","","","","","","","","","","","","","","","","","","","","",
"Romania","ROU","Prevalence of undernourishment (% of population)","SN.ITK.DEFC.ZS","","","","","","","","","","","","","","","","","","","","","","","","","","","","","","","","","","","","","","","","","2.5","2.5","2.5","2.5","2.5","2.5","2.5","2.5","2.5","2.5","2.5","2.5","2.5","2.5","2.5","2.5","2.5","","",
"Russian Federation","RUS","Prevalence of undernourishment (% of population)","SN.ITK.DEFC.ZS","","","","","","","","","","","","","","","","","","","","","","","","","","","","","","","","","","","","","","","","","5.1","4.4","3.7","3.1","2.6","2.5","2.5","2.5","2.5","2.5","2.5","2.5","2.5","2.5","2.5","2.5","2.5","","",
"Rwanda","RWA","Prevalence of undernourishment (% of population)","SN.ITK.DEFC.ZS","","","","","","","","","","","","","","","","","","","","","","","","","","","","","","","","","","","","","","","","","55.6","50","46","45.4","45.5","45.3","44","42","39.5","36.9","35","33.5","32.3","31.6","32.1","34","36.1","","",
"South Asia","SAS","Prevalence of undernourishment (% of population)","SN.ITK.DEFC.ZS","","","","","","","","","","","","","","","","","","","","","","","","","","","","","","","","","","","","","","","","","19.4406447941083","20.2974694057984","21.5250098127172","22.2598674933866","22.4953910558769","21.805507528062","20.4802490614246","19.1943556503212","18.254643869693","17.8919402112664","17.7321374886152","17.6523478762123","17.5052536759274","17.1593525398365","16.6575837988962","16.0749684130129","15.6301350458638","","",
"Saudi Arabia","SAU","Prevalence of undernourishment (% of population)","SN.ITK.DEFC.ZS","","","","","","","","","","","","","","","","","","","","","","","","","","","","","","","","","","","","","","","","","6.1","6.4","7","7.6","7.9","7.9","7.7","7.7","7.7","7.6","7","6.4","5.7","5.5","5.4","5.5","5.5","","",
"Sudan","SDN","Prevalence of undernourishment (% of population)","SN.ITK.DEFC.ZS","","","","","","","","","","","","","","","","","","","","","","","","","","","","","","","","","","","","","","","","","","","","","","","","","","","","","25.4","25.2","25.1","25.1","25.2","","",
"Senegal","SEN","Prevalence of undernourishment (% of population)","SN.ITK.DEFC.ZS","","","","","","","","","","","","","","","","","","","","","","","","","","","","","","","","","","","","","","","","","28.7","27.6","26.7","25.2","23.4","21.6","19.2","16.9","14.7","13.6","13.1","13","12.7","12.4","12.2","11.7","11.3","","",
"Singapore","SGP","Prevalence of undernourishment (% of population)","SN.ITK.DEFC.ZS","","","","","","","","","","","","","","","","","","","","","","","","","","","","","","","","","","","","","","","","","","","","","","","","","","","","","","","","","","","",
"Solomon Islands","SLB","Prevalence of undernourishment (% of population)","SN.ITK.DEFC.ZS","","","","","","","","","","","","","","","","","","","","","","","","","","","","","","","","","","","","","","","","","15","14.5","13.6","12.9","12.3","11.9","11.4","11.2","10.9","10.7","10.6","11.1","12.1","13","13.2","12.7","12.3","","",
"Sierra Leone","SLE","Prevalence of undernourishment (% of population)","SN.ITK.DEFC.ZS","","","","","","","","","","","","","","","","","","","","","","","","","","","","","","","","","","","","","","","","","39.6","40.3","40","39.6","38.8","37","34.6","32.2","30.4","28.7","27","25.2","24.5","24.7","25.4","25.7","25.5","","",
"El Salvador","SLV","Prevalence of undernourishment (% of population)","SN.ITK.DEFC.ZS","","","","","","","","","","","","","","","","","","","","","","","","","","","","","","","","","","","","","","","","","11","9.3","8.9","9.3","10","10.5","10.8","11","11.4","11.9","12.4","12.5","12.3","11.8","11.3","11","10.3","","",
"San Marino","SMR","Prevalence of undernourishment (% of population)","SN.ITK.DEFC.ZS","","","","","","","","","","","","","","","","","","","","","","","","","","","","","","","","","","","","","","","","","","","","","","","","","","","","","","","","","","","",
"Somalia","SOM","Prevalence of undernourishment (% of population)","SN.ITK.DEFC.ZS","","","","","","","","","","","","","","","","","","","","","","","","","","","","","","","","","","","","","","","","","","","","","","","","","","","","","","","","","","","",
"Serbia","SRB","Prevalence of undernourishment (% of population)","SN.ITK.DEFC.ZS","","","","","","","","","","","","","","","","","","","","","","","","","","","","","","","","","","","","","","","","","","","","","","","6","6","6","5.9","5.9","6","6.1","6","6","5.7","5.6","","",
"Sub-Saharan Africa (excluding high income)","SSA","Prevalence of undernourishment (% of population)","SN.ITK.DEFC.ZS","","","","","","","","","","","","","","","","","","","","","","","","","","","","","","","","","","","","","","","","","27.5988053434452","26.906210655016","26.3855560319833","25.5482936298276","24.5545544191592","23.5168357029564","22.814036194725","22.313887589009","21.8484724489083","21.2957967519573","20.772216500567","20.3301618177339","20.2087554307999","20.0000934537896","20.0336308600747","20.5396399302721","21.3302713427987","","",
"South Sudan","SSD","Prevalence of undernourishment (% of population)","SN.ITK.DEFC.ZS","","","","","","","","","","","","","","","","","","","","","","","","","","","","","","","","","","","","","","","","","","","","","","","","","","","","","","","","","","","",
"Sub-Saharan Africa","SSF","Prevalence of undernourishment (% of population)","SN.ITK.DEFC.ZS","","","","","","","","","","","","","","","","","","","","","","","","","","","","","","","","","","","","","","","","","27.5988053434452","26.906210655016","26.3855560319833","25.5482936298276","24.5545544191592","23.5168357029564","22.814036194725","22.313887589009","21.8484724489083","21.2957967519573","20.772216500567","20.3301618177339","20.2087554307999","20.0000934537896","20.0336308600747","20.5396399302721","21.3302713427987","","",
"Small states","SST","Prevalence of undernourishment (% of population)","SN.ITK.DEFC.ZS","","","","","","","","","","","","","","","","","","","","","","","","","","","","","","","","","","","","","","","","","15.6969148857862","14.9717245406215","14.6897876131622","14.5043735150912","14.3691510343931","14.2925881402883","14.1109933682354","14.2420896005913","14.4191757718216","14.4584612546387","14.2540725662159","13.9020825523917","13.567595467652","13.3228838836343","13.2078359920466","13.1555514724899","13.2112425502948","","",
"Sao Tome and Principe","STP","Prevalence of undernourishment (% of population)","SN.ITK.DEFC.ZS","","","","","","","","","","","","","","","","","","","","","","","","","","","","","","","","","","","","","","","","","17.8","14.5","12.3","10.9","9.9","9.4","9.4","10.1","11.3","12.9","14.6","15.5","14.8","12.9","10.7","9.8","10.2","","",
"Suriname","SUR","Prevalence of undernourishment (% of population)","SN.ITK.DEFC.ZS","","","","","","","","","","","","","","","","","","","","","","","","","","","","","","","","","","","","","","","","","13","12.9","12.4","12.1","11.6","10.9","10.3","9.7","9.1","8.4","8","8.1","8.2","8.1","7.8","7.6","7.6","","",
"Slovak Republic","SVK","Prevalence of undernourishment (% of population)","SN.ITK.DEFC.ZS","","","","","","","","","","","","","","","","","","","","","","","","","","","","","","","","","","","","","","","","","5.9","6.5","6.7","6.5","6.3","6.2","6.1","5.9","5.4","4.8","4.3","4.1","3.9","3.7","3.3","2.9","2.7","","",
"Slovenia","SVN","Prevalence of undernourishment (% of population)","SN.ITK.DEFC.ZS","","","","","","","","","","","","","","","","","","","","","","","","","","","","","","","","","","","","","","","","","2.5","2.5","2.5","2.5","2.5","2.5","2.5","2.5","2.5","2.5","2.5","2.5","2.5","2.5","2.5","2.5","2.5","","",
"Sweden","SWE","Prevalence of undernourishment (% of population)","SN.ITK.DEFC.ZS","","","","","","","","","","","","","","","","","","","","","","","","","","","","","","","","","","","","","","","","","2.5","2.5","2.5","2.5","2.5","2.5","2.5","2.5","2.5","2.5","2.5","2.5","2.5","2.5","2.5","2.5","2.5","","",
"Eswatini","SWZ","Prevalence of undernourishment (% of population)","SN.ITK.DEFC.ZS","","","","","","","","","","","","","","","","","","","","","","","","","","","","","","","","","","","","","","","","","19.2","17.4","16","15.3","15.5","17","19.1","21.2","22.6","23.3","23.2","22.7","22.1","21.5","21.3","21","20.7","","",
"Sint Maarten (Dutch part)","SXM","Prevalence of undernourishment (% of population)","SN.ITK.DEFC.ZS","","","","","","","","","","","","","","","","","","","","","","","","","","","","","","","","","","","","","","","","","","","","","","","","","","","","","","","","","","","",
"Seychelles","SYC","Prevalence of undernourishment (% of population)","SN.ITK.DEFC.ZS","","","","","","","","","","","","","","","","","","","","","","","","","","","","","","","","","","","","","","","","","","","","","","","","","","","","","","","","","","","",
"Syrian Arab Republic","SYR","Prevalence of undernourishment (% of population)","SN.ITK.DEFC.ZS","","","","","","","","","","","","","","","","","","","","","","","","","","","","","","","","","","","","","","","","","","","","","","","","","","","","","","","","","","","",
"Turks and Caicos Islands","TCA","Prevalence of undernourishment (% of population)","SN.ITK.DEFC.ZS","","","","","","","","","","","","","","","","","","","","","","","","","","","","","","","","","","","","","","","","","","","","","","","","","","","","","","","","","","","",
"Chad","TCD","Prevalence of undernourishment (% of population)","SN.ITK.DEFC.ZS","","","","","","","","","","","","","","","","","","","","","","","","","","","","","","","","","","","","","","","","","40.1","39.8","39.7","39.1","39.1","39.2","39.8","40.3","40.7","40.8","40","38.9","37.7","37.1","37","38.4","39.7","","",
"East Asia & Pacific (IDA & IBRD countries)","TEA","Prevalence of undernourishment (% of population)","SN.ITK.DEFC.ZS","","","","","","","","","","","","","","","","","","","","","","","","","","","","","","","","","","","","","","","","","17.6527698029911","17.3901426587615","17.0808486427024","16.8520492580363","16.483984282873","16.0668500011665","15.5344643437132","14.7683863103293","13.9772430480049","13.0186639177747","12.0533193360161","11.2071049725031","10.4826556808781","9.83616618722349","9.28733547064097","9.07518181719275","9.02026774480183","","",
"Europe & Central Asia (IDA & IBRD countries)","TEC","Prevalence of undernourishment (% of population)","SN.ITK.DEFC.ZS","","","","","","","","","","","","","","","","","","","","","","","","","","","","","","","","","","","","","","","","","5.68547142681209","5.38398656792905","4.98148232464574","4.54135306737214","4.11302497856249","3.81439396527531","3.63013772768071","3.4855172775387","3.39481927713112","3.33103109496417","3.27753092588085","3.20988184380018","3.14327567139281","3.10529699657696","3.09069919348695","3.11658962793813","3.16690867782655","","",
"Togo","TGO","Prevalence of undernourishment (% of population)","SN.ITK.DEFC.ZS","","","","","","","","","","","","","","","","","","","","","","","","","","","","","","","","","","","","","","","","","31.1","30.5","29.8","28.6","27.2","26","24.9","23.9","22.9","22","21","20.1","19.1","18.1","17.2","16.2","16.2","","",
"Thailand","THA","Prevalence of undernourishment (% of population)","SN.ITK.DEFC.ZS","","","","","","","","","","","","","","","","","","","","","","","","","","","","","","","","","","","","","","","","","18.8","18.3","17.1","15.8","14.2","12.5","11","10.3","10","9.8","9.2","8.8","8.8","9","9.2","9.2","9","","",
"Tajikistan","TJK","Prevalence of undernourishment (% of population)","SN.ITK.DEFC.ZS","","","","","","","","","","","","","","","","","","","","","","","","","","","","","","","","","","","","","","","","","","","","","","","","","","","","","","","","","","","",
"Turkmenistan","TKM","Prevalence of undernourishment (% of population)","SN.ITK.DEFC.ZS","","","","","","","","","","","","","","","","","","","","","","","","","","","","","","","","","","","","","","","","","8.2","7.6","6.9","6","5.3","4.8","4.6","4.4","4.5","4.6","4.8","4.9","4.9","4.8","4.8","5.1","5.5","","",
"Latin America & the Caribbean (IDA & IBRD countries)","TLA","Prevalence of undernourishment (% of population)","SN.ITK.DEFC.ZS","","","","","","","","","","","","","","","","","","","","","","","","","","","","","","","","","","","","","","","","","12.0905327574045","11.4928222136291","10.9471312770932","10.4329365506807","9.86020654827729","9.13323681636136","8.42994960145566","7.78783492390215","7.37915858539714","7.15261157513204","6.96512091673259","6.79096104553571","6.65595205564366","6.52576925359095","6.42146472273326","6.3333473917285","6.27964539672071","","",
"Timor-Leste","TLS","Prevalence of undernourishment (% of population)","SN.ITK.DEFC.ZS","","","","","","","","","","","","","","","","","","","","","","","","","","","","","","","","","","","","","","","","","40.4","35.6","31.8","30.5","30.6","31.3","31.5","31.5","31","30.5","29.2","27.9","26.8","26.6","26.8","27.1","27.2","","",
"Middle East & North Africa (IDA & IBRD countries)","TMN","Prevalence of undernourishment (% of population)","SN.ITK.DEFC.ZS","","","","","","","","","","","","","","","","","","","","","","","","","","","","","","","","","","","","","","","","","10.0410494525821","9.9628054318563","9.98648310395531","10.0288557042225","10.078437637289","10.11982996131","10.1000192087011","9.98663399501392","9.82113556039779","9.49364719146706","9.19957028454306","9.01586781206172","9.00497223635711","9.17933104123589","9.42533238718589","9.73106740737243","9.95247178231113","","",
"Tonga","TON","Prevalence of undernourishment (% of population)","SN.ITK.DEFC.ZS","","","","","","","","","","","","","","","","","","","","","","","","","","","","","","","","","","","","","","","","","","","","","","","","","","","","","","","","","","","",
"South Asia (IDA & IBRD)","TSA","Prevalence of undernourishment (% of population)","SN.ITK.DEFC.ZS","","","","","","","","","","","","","","","","","","","","","","","","","","","","","","","","","","","","","","","","","19.4406447941083","20.2974694057984","21.5250098127172","22.2598674933866","22.4953910558769","21.805507528062","20.4802490614246","19.1943556503212","18.254643869693","17.8919402112664","17.7321374886152","17.6523478762123","17.5052536759274","17.1593525398365","16.6575837988962","16.0749684130129","15.6301350458638","","",
"Sub-Saharan Africa (IDA & IBRD countries)","TSS","Prevalence of undernourishment (% of population)","SN.ITK.DEFC.ZS","","","","","","","","","","","","","","","","","","","","","","","","","","","","","","","","","","","","","","","","","27.5988053434452","26.906210655016","26.3855560319833","25.5482936298276","24.5545544191592","23.5168357029564","22.814036194725","22.313887589009","21.8484724489083","21.2957967519573","20.772216500567","20.3301618177339","20.2087554307999","20.0000934537896","20.0336308600747","20.5396399302721","21.3302713427987","","",
"Trinidad and Tobago","TTO","Prevalence of undernourishment (% of population)","SN.ITK.DEFC.ZS","","","","","","","","","","","","","","","","","","","","","","","","","","","","","","","","","","","","","","","","","11.6","11.2","11.3","11.8","12","11.8","11.3","10.7","10.4","10.1","9.6","8.6","7.5","6.6","6","5.5","4.9","","",
"Tunisia","TUN","Prevalence of undernourishment (% of population)","SN.ITK.DEFC.ZS","","","","","","","","","","","","","","","","","","","","","","","","","","","","","","","","","","","","","","","","","4.9","5.2","5.6","5.6","5.6","5.6","5.5","5.4","5.2","5","4.8","4.6","4.5","4.5","4.5","4.7","4.9","","",
"Turkey","TUR","Prevalence of undernourishment (% of population)","SN.ITK.DEFC.ZS","","","","","","","","","","","","","","","","","","","","","","","","","","","","","","","","","","","","","","","","","2.5","2.5","2.5","2.5","2.5","2.5","2.5","2.5","2.5","2.5","2.5","2.5","2.5","2.5","2.5","2.5","2.5","","",
"Tuvalu","TUV","Prevalence of undernourishment (% of population)","SN.ITK.DEFC.ZS","","","","","","","","","","","","","","","","","","","","","","","","","","","","","","","","","","","","","","","","","","","","","","","","","","","","","","","","","","","",
"Tanzania","TZA","Prevalence of undernourishment (% of population)","SN.ITK.DEFC.ZS","","","","","","","","","","","","","","","","","","","","","","","","","","","","","","","","","","","","","","","","","36.5","36.9","36.8","36.8","35.7","34.4","33.4","33.2","34.1","34.5","34.6","33.6","33","32.6","32.2","32.1","32","","",
"Uganda","UGA","Prevalence of undernourishment (% of population)","SN.ITK.DEFC.ZS","","","","","","","","","","","","","","","","","","","","","","","","","","","","","","","","","","","","","","","","","27.7","27.4","26.4","24.9","23.7","24.1","25.8","28.1","29.6","30.4","30.9","31.6","32.4","33.7","35.5","38.6","41.4","","",
"Ukraine","UKR","Prevalence of undernourishment (% of population)","SN.ITK.DEFC.ZS","","","","","","","","","","","","","","","","","","","","","","","","","","","","","","","","","","","","","","","","","4.5","3.6","2.8","2.5","2.5","2.5","2.5","2.5","2.5","2.5","2.5","2.5","2.5","2.5","2.5","2.9","3.3","","",
"Upper middle income","UMC","Prevalence of undernourishment (% of population)","SN.ITK.DEFC.ZS","","","","","","","","","","","","","","","","","","","","","","","","","","","","","","","","","","","","","","","","","13.0554196301439","12.7847928229803","12.5042106828506","12.2865500536352","11.9486466763447","11.5726346210724","11.152100834477","10.6107928964773","10.1139265168122","9.58032627649318","9.05005366626744","8.5995685466392","8.18810323392293","7.79859206930754","7.47756365710567","7.31423596845237","7.25468131198224","","",
"Uruguay","URY","Prevalence of undernourishment (% of population)","SN.ITK.DEFC.ZS","","","","","","","","","","","","","","","","","","","","","","","","","","","","","","","","","","","","","","","","","4.2","4.1","4.1","4.2","4.3","4.3","4","3.5","3","2.7","2.5","2.5","2.5","2.5","2.5","2.5","2.5","","",
"United States","USA","Prevalence of undernourishment (% of population)","SN.ITK.DEFC.ZS","","","","","","","","","","","","","","","","","","","","","","","","","","","","","","","","","","","","","","","","","2.5","2.5","2.5","2.5","2.5","2.5","2.5","2.5","2.5","2.5","2.5","2.5","2.5","2.5","2.5","2.5","2.5","","",
"Uzbekistan","UZB","Prevalence of undernourishment (% of population)","SN.ITK.DEFC.ZS","","","","","","","","","","","","","","","","","","","","","","","","","","","","","","","","","","","","","","","","","16.2","18.8","19.8","18.9","16.9","14.5","12.4","11.1","10.3","9.7","9","8.2","7.6","7.4","7.4","7.3","7.4","","",
"St. Vincent and the Grenadines","VCT","Prevalence of undernourishment (% of population)","SN.ITK.DEFC.ZS","","","","","","","","","","","","","","","","","","","","","","","","","","","","","","","","","","","","","","","","","16.7","14.8","12.7","11.1","9.8","9.1","8.4","7.8","7.4","7","6.7","6.4","6.1","6","5.9","5.9","5.7","","",
"Venezuela, RB","VEN","Prevalence of undernourishment (% of population)","SN.ITK.DEFC.ZS","","","","","","","","","","","","","","","","","","","","","","","","","","","","","","","","","","","","","","","","","16.4","16.3","16.8","15.2","13.1","10.5","8.4","6","4","3.1","3.1","3.6","4.7","6.1","7.9","9.8","11.7","","",
"British Virgin Islands","VGB","Prevalence of undernourishment (% of population)","SN.ITK.DEFC.ZS","","","","","","","","","","","","","","","","","","","","","","","","","","","","","","","","","","","","","","","","","","","","","","","","","","","","","","","","","","","",
"Virgin Islands (U.S.)","VIR","Prevalence of undernourishment (% of population)","SN.ITK.DEFC.ZS","","","","","","","","","","","","","","","","","","","","","","","","","","","","","","","","","","","","","","","","","","","","","","","","","","","","","","","","","","","",
"Vietnam","VNM","Prevalence of undernourishment (% of population)","SN.ITK.DEFC.ZS","","","","","","","","","","","","","","","","","","","","","","","","","","","","","","","","","","","","","","","","","24.3","22.5","20.7","19.3","18.5","18.2","17.6","16.7","15.5","14.5","13.6","13","12.6","12.1","11.6","11.1","10.8","","",
"Vanuatu","VUT","Prevalence of undernourishment (% of population)","SN.ITK.DEFC.ZS","","","","","","","","","","","","","","","","","","","","","","","","","","","","","","","","","","","","","","","","","8.2","8.1","8","7.7","7.4","7","6.6","6.1","5.8","5.8","5.9","6.1","6.3","6.5","6.7","6.9","7.1","","",
"World","WLD","Prevalence of undernourishment (% of population)","SN.ITK.DEFC.ZS","","","","","","","","","","","","","","","","","","","","","","","","","","","","","","","","","","","","","","","","","14.8","14.9","15.1","15.1","14.8","14.5","13.8","13.1","12.6","12.2","11.8","11.5","11.3","11","10.7","10.6","10.8","","",
"Samoa","WSM","Prevalence of undernourishment (% of population)","SN.ITK.DEFC.ZS","","","","","","","","","","","","","","","","","","","","","","","","","","","","","","","","","","","","","","","","","5.3","4.4","4.1","3.8","3.6","3.5","3.5","3.6","3.5","3.5","3.4","3.3","3.1","3.1","3.1","3.1","3.1","","",
"Kosovo","XKX","Prevalence of undernourishment (% of population)","SN.ITK.DEFC.ZS","","","","","","","","","","","","","","","","","","","","","","","","","","","","","","","","","","","","","","","","","","","","","","","","","","","","","","","","","","","",
"Yemen, Rep.","YEM","Prevalence of undernourishment (% of population)","SN.ITK.DEFC.ZS","","","","","","","","","","","","","","","","","","","","","","","","","","","","","","","","","","","","","","","","","29.9","30.1","30.6","31","30.9","30.1","28.9","27.6","27","26.2","25.7","25.2","25.9","27.7","30.2","32.6","34.4","","",
"South Africa","ZAF","Prevalence of undernourishment (% of population)","SN.ITK.DEFC.ZS","","","","","","","","","","","","","","","","","","","","","","","","","","","","","","","","","","","","","","","","","5","4.7","4.6","4.4","4.3","4.4","4.5","4.6","4.6","4.5","4.4","4.4","4.5","4.8","5.3","5.8","6.1","","",
"Zambia","ZMB","Prevalence of undernourishment (% of population)","SN.ITK.DEFC.ZS","","","","","","","","","","","","","","","","","","","","","","","","","","","","","","","","","","","","","","","","","47.4","49","50","49.9","50.2","51.1","52.6","53.5","53","51.5","50","48.8","47.7","46.1","44.9","44.4","44.5","","",
"Zimbabwe","ZWE","Prevalence of undernourishment (% of population)","SN.ITK.DEFC.ZS","","","","","","","","","","","","","","","","","","","","","","","","","","","","","","","","","","","","","","","","","40.2","40.4","40.8","41.5","41.9","42.2","42.1","42.6","43","42.8","41.9","41.3","41.9","44.4","47","48.2","46.6","","",
